ensembl_gene,symbol,module,TF_family,JASPAR_motif,expr_breadth_score,n_tissues_active,peak_tissue
ENSG00000126705,AHDC1,M1,Other/unclassified,,1.0,30,UTERUS
ENSG00000168874,ATOH8,M1,bHLH,,1.0,30,THYROID
ENSG00000182158,CREB3L2,M1,bZIP,,1.0,30,THYROID
ENSG00000164330,EBF1,M1,Other/unclassified,MA0154.5,0.967,29,ADIPOSE_TISSUE
ENSG00000221818,EBF2,M1,Other/unclassified,,0.8,24,NERVE
ENSG00000108001,EBF3,M1,Other/unclassified,MA1637.2,0.833,25,ADIPOSE_TISSUE
ENSG00000116016,EPAS1,M1,bHLH,MA2325.1,1.0,30,LUNG
ENSG00000074047,GLI2,M1,C2H2 zinc finger,MA0734.2,0.9,27,OVARY
ENSG00000106571,GLI3,M1,C2H2 zinc finger,MA1491.3,0.933,28,UTERUS
ENSG00000126603,GLIS2,M1,C2H2 zinc finger,MA0736.1,1.0,30,BLOOD_VESSEL
ENSG00000006704,GTF2IRD1,M1,Other/unclassified,,0.967,29,PITUITARY
ENSG00000164107,HAND2,M1,bHLH,MA1638.2,0.8,24,UTERUS
ENSG00000165259,HDX,M1,Homeodomain,,0.9,27,BLOOD_VESSEL
ENSG00000108924,HLF,M1,bZIP,MA0043.4,0.967,29,OVARY
ENSG00000198517,MAFK,M1,bZIP,MA0496.4,1.0,30,BLOOD_VESSEL
ENSG00000143995,MEIS1,M1,Homeodomain,MA0498.3,0.967,29,UTERUS
ENSG00000134138,MEIS2,M1,Homeodomain,MA0774.1,0.933,28,UTERUS
ENSG00000106511,MEOX2,M1,Homeodomain,MA0706.2,0.8,24,NERVE
ENSG00000100968,NFATC4,M1,Homeodomain,MA1525.3,0.967,29,OVARY
ENSG00000162599,NFIA,M1,Nuclear factor I,MA0670.2,1.0,30,BLOOD_VESSEL
ENSG00000147862,NFIB,M1,Nuclear factor I,MA1643.2,0.967,29,SALIVARY_GLAND
ENSG00000120837,NFYB,M1,Other/unclassified,MA0502.3,1.0,30,BLOOD_VESSEL
ENSG00000126368,NR1D1,M1,Nuclear receptor,MA1531.2,1.0,30,CERVIX_UTERI
ENSG00000185551,NR2F2,M1,Nuclear receptor,MA1111.2,0.967,29,OVARY
ENSG00000143867,OSR1,M1,C2H2 zinc finger,MA1542.2,0.867,26,BLADDER
ENSG00000185630,PBX1,M1,Homeodomain,MA0070.2,1.0,30,UTERUS
ENSG00000116132,PRRX1,M1,Homeodomain,MA0716.2,0.933,28,CERVIX_UTERI
ENSG00000077092,RARB,M1,Nuclear receptor,MA1552.2,0.967,29,PROSTATE
ENSG00000177045,SIX5,M1,Homeodomain,,0.967,29,FALLOPIAN_TUBE
ENSG00000157933,SKI,M1,Homeodomain,,1.0,30,BLOOD_VESSEL
ENSG00000120693,SMAD9,M1,SMAD,,0.967,29,THYROID
ENSG00000019549,SNAI2,M1,C2H2 zinc finger,MA0745.3,0.967,29,SKIN
ENSG00000143842,SOX13,M1,HMG box,MA1120.2,1.0,30,UTERUS
ENSG00000112658,SRF,M1,MADS box,MA0083.3,1.0,30,UTERUS
ENSG00000121068,TBX2,M1,T-box,MA0688.2,0.967,29,LUNG
ENSG00000152284,TCF7L1,M1,HMG box,MA1421.1,1.0,30,THYROID
ENSG00000074219,TEAD2,M1,Other/unclassified,MA1121.2,0.967,29,UTERUS
ENSG00000007866,TEAD3,M1,Other/unclassified,MA0808.1,0.967,29,UTERUS
ENSG00000126351,THRA,M1,Nuclear receptor,MA1969.2,1.0,30,BRAIN
ENSG00000121297,TSHZ3,M1,Homeodomain,,1.0,30,OVARY
ENSG00000233608,TWIST2,M1,bHLH,,0.833,25,CERVIX_UTERI
ENSG00000174282,ZBTB4,M1,C2H2 zinc finger,,1.0,30,THYROID
ENSG00000160062,ZBTB8A,M1,C2H2 zinc finger,MA2578.1,0.967,29,UTERUS
ENSG00000140836,ZFHX3,M1,Homeodomain,,1.0,30,BLOOD_VESSEL
ENSG00000174306,ZHX3,M1,Homeodomain,,1.0,30,BLOOD_VESSEL
ENSG00000165804,ZNF219,M1,C2H2 zinc finger,,1.0,30,ADRENAL_GLAND
ENSG00000169740,ZNF32,M1,C2H2 zinc finger,,1.0,30,OVARY
ENSG00000198816,ZNF358,M1,C2H2 zinc finger,,1.0,30,PROSTATE
ENSG00000102935,ZNF423,M1,C2H2 zinc finger,MA0116.2,0.933,28,FALLOPIAN_TUBE
ENSG00000148143,ZNF462,M1,C2H2 zinc finger,,0.967,29,TESTIS
ENSG00000074657,ZNF532,M1,C2H2 zinc finger,,1.0,30,PROSTATE
ENSG00000218891,ZNF579,M1,C2H2 zinc finger,,1.0,30,MUSCLE
ENSG00000164684,ZNF704,M1,C2H2 zinc finger,,0.967,29,CERVIX_UTERI
ENSG00000163508,EOMES,M10,T-box,MA0800.2,0.2,6,SPLEEN
ENSG00000162676,GFI1,M10,C2H2 zinc finger,MA0038.3,0.533,16,SPLEEN
ENSG00000185811,IKZF1,M10,C2H2 zinc finger,MA1508.2,0.967,29,SPLEEN
ENSG00000161405,IKZF3,M10,C2H2 zinc finger,,0.833,25,SPLEEN
ENSG00000128604,IRF5,M10,SMAD,MA1420.1,0.967,29,SPLEEN
ENSG00000140968,IRF8,M10,SMAD,MA0652.2,0.967,29,SPLEEN
ENSG00000123405,NFE2,M10,bZIP,MA0501.2,0.333,10,BLOOD
ENSG00000020633,RUNX3,M10,Rel/NF-kB,MA0684.3,0.933,28,SPLEEN
ENSG00000185669,SNAI3,M10,C2H2 zinc finger,MA1559.2,0.533,16,BLOOD
ENSG00000079263,SP140,M10,Zinc finger (other),,0.867,26,SPLEEN
ENSG00000066336,SPI1,M10,ETS,MA0080.5,1.0,30,BLOOD
ENSG00000269404,SPIB,M10,ETS,MA0081.3,0.2,6,SPLEEN
ENSG00000073861,TBX21,M10,T-box,MA2629.1,0.233,7,SPLEEN
ENSG00000157554,ERG,M11,ETS,MA0474.2,1.0,30,BLOOD_VESSEL
ENSG00000151702,FLI1,M11,ETS,MA0475.3,1.0,30,SPLEEN
ENSG00000179348,GATA2,M11,GATA-type ZF,MA0036.4,1.0,30,PROSTATE
ENSG00000136630,HLX,M11,Homeodomain,,1.0,30,ADIPOSE_TISSUE
ENSG00000106852,LHX6,M11,Homeodomain,MA0658.2,0.867,26,ADIPOSE_TISSUE
ENSG00000085276,MECOM,M11,C2H2 zinc finger,,0.967,29,STOMACH
ENSG00000005102,MEOX1,M11,Homeodomain,MA0661.2,0.733,22,ADIPOSE_TISSUE
ENSG00000164736,SOX17,M11,HMG box,,0.933,28,ADIPOSE_TISSUE
ENSG00000203883,SOX18,M11,HMG box,MA1563.2,0.967,29,ADIPOSE_TISSUE
ENSG00000162367,TAL1,M11,bHLH,MA0140.3,1.0,30,LUNG
ENSG00000125878,TCF15,M11,bHLH,,0.2,6,HEART
ENSG00000178175,ZNF366,M11,C2H2 zinc finger,,0.833,25,ADIPOSE_TISSUE
ENSG00000134852,CLOCK,M12,bHLH,MA0819.3,1.0,30,TESTIS
ENSG00000025156,HSF2,M12,Winged-helix (other),MA0770.1,1.0,30,TESTIS
ENSG00000068305,MEF2A,M12,MADS box,MA0052.5,1.0,30,BLOOD_VESSEL
ENSG00000081189,MEF2C,M12,MADS box,MA0497.2,1.0,30,MUSCLE
ENSG00000116604,MEF2D,M12,MADS box,MA0773.1,1.0,30,MUSCLE
ENSG00000187098,MITF,M12,bHLH,MA0620.4,0.967,29,UTERUS
ENSG00000148411,NACC2,M12,Zinc finger (other),MA2507.1,1.0,30,BRAIN
ENSG00000082641,NFE2L1,M12,bZIP,,1.0,30,MUSCLE
ENSG00000141905,NFIC,M12,Nuclear factor I,MA0161.3,1.0,30,MUSCLE
ENSG00000008441,NFIX,M12,Nuclear factor I,MA0671.2,1.0,30,MUSCLE
ENSG00000148826,NKX6-2,M12,Homeodomain,MA0675.2,1.0,30,BRAIN
ENSG00000187079,TEAD1,M12,Other/unclassified,MA0090.4,0.967,29,NERVE
ENSG00000114853,ZBTB47,M12,C2H2 zinc finger,MA2543.1,1.0,30,MUSCLE
ENSG00000148516,ZEB1,M12,Homeodomain,MA0103.4,1.0,30,UTERUS
ENSG00000169136,ATF5,M13,bZIP,,1.0,30,LIVER
ENSG00000179528,LBX2,M13,Homeodomain,MA0699.2,0.467,14,LIVER
ENSG00000143257,NR1I3,M13,Nuclear receptor,MA1534.2,1.0,30,LIVER
ENSG00000119547,ONECUT2,M13,Homeodomain,MA0756.3,0.2,6,LIVER
ENSG00000117707,PROX1,M13,Homeodomain,MA0794.1,0.967,29,LIVER
ENSG00000168062,BATF2,M14,bZIP,,0.967,29,SPLEEN
ENSG00000137265,IRF4,M14,SMAD,MA1419.2,0.833,25,SPLEEN
ENSG00000119919,NKX2-3,M14,Homeodomain,MA0672.2,0.233,7,SPLEEN
ENSG00000057657,PRDM1,M14,C2H2 zinc finger,MA0508.4,1.0,30,VAGINA
ENSG00000178935,ZNF552,M14,C2H2 zinc finger,,1.0,30,SALIVARY_GLAND
ENSG00000120690,ELF1,M15,ETS,MA0473.4,1.0,30,VAGINA
ENSG00000102034,ELF4,M15,ETS,MA0641.1,1.0,30,BLOOD
ENSG00000139083,ETV6,M15,ETS,MA0645.2,1.0,30,SALIVARY_GLAND
ENSG00000125347,IRF1,M15,Winged-helix (other),MA0050.2,1.0,30,SPLEEN
ENSG00000168310,IRF2,M15,Winged-helix (other),MA0051.2,1.0,30,SPLEEN
ENSG00000140044,JDP2,M15,bZIP,MA0655.1,1.0,30,SPLEEN
ENSG00000109320,NFKB1,M15,Homeodomain,MA0105.4,1.0,30,LUNG
ENSG00000067066,SP100,M15,HMG box,,1.0,30,SPLEEN
ENSG00000135899,SP110,M15,Zinc finger (other),,1.0,30,BLOOD
ENSG00000166888,STAT6,M15,Other/unclassified,,1.0,30,SPLEEN
ENSG00000100219,XBP1,M16,bZIP,MA0844.2,1.0,30,PANCREAS
ENSG00000173153,ESRRA,M17,Nuclear receptor,MA0592.4,1.0,30,MUSCLE
ENSG00000181449,SOX2,M19,HMG box,MA1962.1,0.467,14,BRAIN
ENSG00000005513,SOX8,M19,HMG box,MA0868.3,0.9,27,NERVE
ENSG00000198597,ZNF536,M19,C2H2 zinc finger,MA2575.1,0.533,16,NERVE
ENSG00000138380,CARF,M2,Other/unclassified,,1.0,30,TESTIS
ENSG00000007545,CRAMP1,M2,Other/unclassified,,1.0,30,TESTIS
ENSG00000137504,CREBZF,M2,bZIP,,1.0,30,OVARY
ENSG00000110925,CSRNP2,M2,Other/unclassified,,1.0,30,TESTIS
ENSG00000178662,CSRNP3,M2,Other/unclassified,,0.933,28,PITUITARY
ENSG00000164916,FOXK1,M2,Forkhead,MA0852.3,1.0,30,PITUITARY
ENSG00000204060,FOXO6,M2,Forkhead,MA0849.1,0.8,24,PITUITARY
ENSG00000010818,HIVEP2,M2,C2H2 zinc finger,,1.0,30,OVARY
ENSG00000123411,IKZF4,M2,C2H2 zinc finger,,1.0,30,PITUITARY
ENSG00000174197,MGA,M2,bHLH,MA0801.1,1.0,30,TESTIS
ENSG00000102908,NFAT5,M2,Homeodomain,,1.0,30,THYROID
ENSG00000174738,NR1D2,M2,Nuclear receptor,MA1532.2,1.0,30,THYROID
ENSG00000120798,NR2C1,M2,Nuclear receptor,MA1535.2,1.0,30,TESTIS
ENSG00000137338,PGBD1,M2,C2H2 zinc finger,,0.967,29,UTERUS
ENSG00000143190,POU2F1,M2,Homeodomain,MA0785.2,1.0,30,NERVE
ENSG00000185129,PURA,M2,Other/unclassified,,1.0,30,NERVE
ENSG00000181827,RFX7,M2,Winged-helix (other),MA1554.2,1.0,30,SKIN
ENSG00000165821,SALL2,M2,C2H2 zinc finger,,0.933,28,PITUITARY
ENSG00000113658,SMAD5,M2,SMAD,MA1557.1,1.0,30,OVARY
ENSG00000177732,SOX12,M2,HMG box,MA1561.2,1.0,30,TESTIS
ENSG00000105866,SP4,M2,C2H2 zinc finger,MA0685.2,1.0,30,OVARY
ENSG00000140262,TCF12,M2,bHLH,MA1648.2,1.0,30,CERVIX_UTERI
ENSG00000196628,TCF4,M2,bHLH,MA0830.3,1.0,30,ADIPOSE_TISSUE
ENSG00000179981,TSHZ1,M2,Homeodomain,,1.0,30,OVARY
ENSG00000177311,ZBTB38,M2,C2H2 zinc finger,,1.0,30,BLOOD_VESSEL
ENSG00000177888,ZBTB41,M2,C2H2 zinc finger,MA2510.1,1.0,30,PITUITARY
ENSG00000198939,ZFP2,M2,C2H2 zinc finger,,0.9,27,TESTIS
ENSG00000196867,ZFP28,M2,C2H2 zinc finger,MA2489.1,0.967,29,TESTIS
ENSG00000120784,ZFP30,M2,C2H2 zinc finger,,1.0,30,TESTIS
ENSG00000136866,ZFP37,M2,C2H2 zinc finger,,0.933,28,PITUITARY
ENSG00000181007,ZFP82,M2,C2H2 zinc finger,,0.933,28,TESTIS
ENSG00000184939,ZFP90,M2,C2H2 zinc finger,,1.0,30,OVARY
ENSG00000165156,ZHX1,M2,Homeodomain,,1.0,30,VAGINA
ENSG00000198315,ZKSCAN8,M2,C2H2 zinc finger,,1.0,30,UTERUS
ENSG00000197020,ZNF100,M2,C2H2 zinc finger,,1.0,30,TESTIS
ENSG00000164631,ZNF12,M2,C2H2 zinc finger,,1.0,30,SPLEEN
ENSG00000176293,ZNF135,M2,C2H2 zinc finger,MA1587.1,1.0,30,PITUITARY
ENSG00000196646,ZNF136,M2,C2H2 zinc finger,MA1588.1,1.0,30,OVARY
ENSG00000167635,ZNF146,M2,C2H2 zinc finger,MA2458.1,1.0,30,OVARY
ENSG00000166261,ZNF202,M2,C2H2 zinc finger,,1.0,30,TESTIS
ENSG00000149050,ZNF214,M2,C2H2 zinc finger,MA1975.2,0.8,24,TESTIS
ENSG00000130856,ZNF236,M2,C2H2 zinc finger,,1.0,30,TESTIS
ENSG00000137871,ZNF280D,M2,C2H2 zinc finger,,1.0,30,CERVIX_UTERI
ENSG00000267508,ZNF285,M2,C2H2 zinc finger,,0.933,28,OVARY
ENSG00000187607,ZNF286A,M2,C2H2 zinc finger,,1.0,30,OVARY
ENSG00000188994,ZNF292,M2,C2H2 zinc finger,,1.0,30,PITUITARY
ENSG00000182986,ZNF320,M2,C2H2 zinc finger,MA1976.3,1.0,30,BLADDER
ENSG00000181315,ZNF322,M2,C2H2 zinc finger,MA2493.1,1.0,30,UTERUS
ENSG00000181894,ZNF329,M2,C2H2 zinc finger,,1.0,30,TESTIS
ENSG00000196378,ZNF34,M2,C2H2 zinc finger,,1.0,30,NERVE
ENSG00000088876,ZNF343,M2,C2H2 zinc finger,MA1711.2,1.0,30,NERVE
ENSG00000197937,ZNF347,M2,C2H2 zinc finger,MA2688.1,1.0,30,SPLEEN
ENSG00000178338,ZNF354B,M2,C2H2 zinc finger,,1.0,30,BREAST
ENSG00000124613,ZNF391,M2,C2H2 zinc finger,,0.9,27,TESTIS
ENSG00000170954,ZNF415,M2,C2H2 zinc finger,,0.933,28,TESTIS
ENSG00000197044,ZNF441,M2,C2H2 zinc finger,,1.0,30,PITUITARY
ENSG00000112200,ZNF451,M2,C2H2 zinc finger,,1.0,30,TESTIS
ENSG00000197016,ZNF470,M2,C2H2 zinc finger,MA2689.1,0.967,29,TESTIS
ENSG00000196263,ZNF471,M2,C2H2 zinc finger,MA2554.1,0.967,29,OVARY
ENSG00000173258,ZNF483,M2,C2H2 zinc finger,,0.8,24,PITUITARY
ENSG00000162714,ZNF496,M2,C2H2 zinc finger,,1.0,30,UTERUS
ENSG00000103199,ZNF500,M2,C2H2 zinc finger,MA2585.1,1.0,30,TESTIS
ENSG00000168813,ZNF507,M2,C2H2 zinc finger,,1.0,30,TESTIS
ENSG00000171817,ZNF540,M2,C2H2 zinc finger,,0.967,29,PITUITARY
ENSG00000188785,ZNF548,M2,C2H2 zinc finger,,1.0,30,SPLEEN
ENSG00000251369,ZNF550,M2,C2H2 zinc finger,,1.0,30,SPLEEN
ENSG00000167785,ZNF558,M2,C2H2 zinc finger,MA2335.1,1.0,30,UTERUS
ENSG00000198453,ZNF568,M2,C2H2 zinc finger,MA2568.1,1.0,30,TESTIS
ENSG00000198440,ZNF583,M2,C2H2 zinc finger,,0.967,29,TESTIS
ENSG00000180357,ZNF609,M2,C2H2 zinc finger,,1.0,30,TESTIS
ENSG00000172888,ZNF621,M2,C2H2 zinc finger,,1.0,30,NERVE
ENSG00000122482,ZNF644,M2,C2H2 zinc finger,,1.0,30,NERVE
ENSG00000144792,ZNF660,M2,C2H2 zinc finger,,0.9,27,OVARY
ENSG00000197497,ZNF665,M2,C2H2 zinc finger,,0.867,26,OVARY
ENSG00000198046,ZNF667,M2,C2H2 zinc finger,MA1984.2,0.967,29,PITUITARY
ENSG00000181450,ZNF678,M2,C2H2 zinc finger,MA2520.1,1.0,30,PROSTATE
ENSG00000182141,ZNF708,M2,C2H2 zinc finger,MA1730.2,1.0,30,OVARY
ENSG00000234444,ZNF736,M2,C2H2 zinc finger,,1.0,30,TESTIS
ENSG00000196417,ZNF765,M2,C2H2 zinc finger,,1.0,30,OVARY
ENSG00000196456,ZNF775,M2,C2H2 zinc finger,MA2531.1,1.0,30,NERVE
ENSG00000127903,ZNF835,M2,C2H2 zinc finger,,0.833,25,BRAIN
ENSG00000196605,ZNF846,M2,C2H2 zinc finger,,1.0,30,TESTIS
ENSG00000158691,ZSCAN12,M2,C2H2 zinc finger,,1.0,30,TESTIS
ENSG00000121413,ZSCAN18,M2,C2H2 zinc finger,,1.0,30,PITUITARY
ENSG00000186814,ZSCAN30,M2,C2H2 zinc finger,,1.0,30,NERVE
ENSG00000138795,LEF1,M20,HMG box,MA0768.1,0.867,26,TESTIS
ENSG00000138378,STAT4,M20,Other/unclassified,,0.967,29,TESTIS
ENSG00000125798,FOXA2,M21,Forkhead,MA0047.4,0.267,8,LIVER
ENSG00000170608,FOXA3,M21,Forkhead,MA1683.2,0.267,8,LIVER
ENSG00000135100,HNF1A,M21,Homeodomain,MA0046.3,0.333,10,LIVER
ENSG00000275410,HNF1B,M21,Homeodomain,MA0153.2,0.367,11,KIDNEY
ENSG00000101076,HNF4A,M21,Nuclear receptor,MA1494.2,0.233,7,LIVER
ENSG00000164749,HNF4G,M21,Nuclear receptor,MA0484.3,0.267,8,SMALL_INTESTINE
ENSG00000043039,BARX2,M22,Homeodomain,MA1471.2,0.5,15,SALIVARY_GLAND
ENSG00000134317,GRHL1,M22,Other/unclassified,MA0647.2,0.9,27,SALIVARY_GLAND
ENSG00000069812,HES2,M22,bHLH,MA0616.3,0.4,12,VAGINA
ENSG00000113430,IRX4,M22,Homeodomain,,0.267,8,SALIVARY_GLAND
ENSG00000137203,TFAP2A,M22,bHSH/AP2,MA0872.1,0.533,16,SALIVARY_GLAND
ENSG00000087510,TFAP2C,M22,bHSH/AP2,MA0815.1,0.533,16,SKIN
ENSG00000073282,TP63,M22,Runt,MA0525.2,0.433,13,VAGINA
ENSG00000180535,BHLHA15,M23,bHLH,MA1472.1,0.2,6,PANCREAS
ENSG00000116833,NR5A2,M23,Nuclear receptor,,0.8,24,PANCREAS
ENSG00000253293,HOXA10,M24,Homeodomain,MA0899.2,0.533,16,UTERUS
ENSG00000257184,HOXA10-HOXA9,M24,Homeodomain,,0.5,15,UTERUS
ENSG00000005073,HOXA11,M24,Homeodomain,,0.4,12,UTERUS
ENSG00000106031,HOXA13,M24,Homeodomain,MA0650.2,0.267,8,CERVIX_UTERI
ENSG00000105996,HOXA2,M24,Homeodomain,MA1948.2,0.633,19,FALLOPIAN_TUBE
ENSG00000105997,HOXA3,M24,Homeodomain,MA2119.1,0.767,23,FALLOPIAN_TUBE
ENSG00000197576,HOXA4,M24,Homeodomain,MA1496.2,0.767,23,FALLOPIAN_TUBE
ENSG00000106004,HOXA5,M24,Homeodomain,MA0158.2,0.733,22,FALLOPIAN_TUBE
ENSG00000106006,HOXA6,M24,Homeodomain,MA1497.2,0.5,15,FALLOPIAN_TUBE
ENSG00000122592,HOXA7,M24,Homeodomain,MA1498.3,0.7,21,ADRENAL_GLAND
ENSG00000078399,HOXA9,M24,Homeodomain,MA0594.3,0.567,17,KIDNEY
ENSG00000173917,HOXB2,M24,Homeodomain,MA0902.3,0.9,27,FALLOPIAN_TUBE
ENSG00000120093,HOXB3,M24,Homeodomain,MA0903.2,0.933,28,COLON
ENSG00000182742,HOXB4,M24,Homeodomain,MA1499.2,0.833,25,FALLOPIAN_TUBE
ENSG00000120075,HOXB5,M24,Homeodomain,MA0904.3,0.533,16,KIDNEY
ENSG00000108511,HOXB6,M24,Homeodomain,MA1500.2,0.667,20,KIDNEY
ENSG00000260027,HOXB7,M24,Homeodomain,MA1501.2,0.633,19,KIDNEY
ENSG00000120068,HOXB8,M24,Homeodomain,MA1502.2,0.4,12,KIDNEY
ENSG00000180818,HOXC10,M24,Homeodomain,MA0905.2,0.433,13,MUSCLE
ENSG00000198353,HOXC4,M24,Homeodomain,MA1504.2,0.667,20,FALLOPIAN_TUBE
ENSG00000172789,HOXC5,M24,Homeodomain,,0.467,14,FALLOPIAN_TUBE
ENSG00000197757,HOXC6,M24,Homeodomain,,0.633,19,FALLOPIAN_TUBE
ENSG00000037965,HOXC8,M24,Homeodomain,MA1505.2,0.4,12,FALLOPIAN_TUBE
ENSG00000180806,HOXC9,M24,Homeodomain,MA0485.3,0.433,13,MUSCLE
ENSG00000128645,HOXD1,M24,Homeodomain,MA2677.1,0.333,10,KIDNEY
ENSG00000128710,HOXD10,M24,Homeodomain,MA1506.2,0.467,14,UTERUS
ENSG00000128713,HOXD11,M24,Homeodomain,MA0908.2,0.233,7,UTERUS
ENSG00000128652,HOXD3,M24,Homeodomain,MA0912.2,0.7,21,UTERUS
ENSG00000170166,HOXD4,M24,Homeodomain,MA1507.2,0.667,20,UTERUS
ENSG00000175879,HOXD8,M24,Homeodomain,MA0910.3,0.767,23,KIDNEY
ENSG00000128709,HOXD9,M24,Homeodomain,MA0913.3,0.7,21,UTERUS
ENSG00000092607,TBX15,M24,T-box,MA0803.1,0.433,13,MUSCLE
ENSG00000273049,,M24,Homeodomain,,0.433,13,MUSCLE
ENSG00000245848,CEBPA,M25,bZIP,MA0102.5,1.0,30,LIVER
ENSG00000159387,IRX6,M25,Homeodomain,,0.3,9,ADIPOSE_TISSUE
ENSG00000009950,MLXIPL,M25,bHLH,MA0664.2,0.933,28,LIVER
ENSG00000132170,PPARG,M25,Nuclear receptor,MA0066.2,0.967,29,ADIPOSE_TISSUE
ENSG00000135164,DMTF1,M3,Homeodomain,MA2594.1,1.0,30,THYROID
ENSG00000133740,E2F5,M3,Winged-helix (other),,1.0,30,NERVE
ENSG00000126456,IRF3,M3,SMAD,MA1418.2,1.0,30,SPLEEN
ENSG00000099326,MZF1,M3,C2H2 zinc finger,MA0056.3,1.0,30,PITUITARY
ENSG00000143442,POGZ,M3,Homeodomain,,1.0,30,PITUITARY
ENSG00000132005,RFX1,M3,Winged-helix (other),MA0509.3,1.0,30,TESTIS
ENSG00000204859,ZBTB48,M3,C2H2 zinc finger,MA2470.1,1.0,30,TESTIS
ENSG00000142065,ZFP14,M3,C2H2 zinc finger,MA1972.1,1.0,30,PITUITARY
ENSG00000196345,ZKSCAN7,M3,C2H2 zinc finger,,0.967,29,TESTIS
ENSG00000256223,ZNF10,M3,C2H2 zinc finger,,1.0,30,PITUITARY
ENSG00000131849,ZNF132,M3,C2H2 zinc finger,,0.967,29,PITUITARY
ENSG00000125846,ZNF133,M3,C2H2 zinc finger,,1.0,30,PITUITARY
ENSG00000196387,ZNF140,M3,C2H2 zinc finger,MA1589.3,1.0,30,PITUITARY
ENSG00000131127,ZNF141,M3,C2H2 zinc finger,,1.0,30,OVARY
ENSG00000175787,ZNF169,M3,C2H2 zinc finger,,1.0,30,SPLEEN
ENSG00000105497,ZNF175,M3,C2H2 zinc finger,MA2332.1,1.0,30,PITUITARY
ENSG00000188629,ZNF177,M3,C2H2 zinc finger,,0.933,28,TESTIS
ENSG00000147118,ZNF182,M3,C2H2 zinc finger,,1.0,30,THYROID
ENSG00000132010,ZNF20,M3,C2H2 zinc finger,MA2580.1,0.967,29,TESTIS
ENSG00000121417,ZNF211,M3,C2H2 zinc finger,MA1974.2,1.0,30,PITUITARY
ENSG00000167377,ZNF23,M3,C2H2 zinc finger,,1.0,30,PITUITARY
ENSG00000198105,ZNF248,M3,C2H2 zinc finger,,1.0,30,PITUITARY
ENSG00000196150,ZNF250,M3,C2H2 zinc finger,MA2462.1,1.0,30,THYROID
ENSG00000198169,ZNF251,M3,C2H2 zinc finger,MA2687.1,1.0,30,THYROID
ENSG00000213096,ZNF254,M3,C2H2 zinc finger,,1.0,30,THYROID
ENSG00000171606,ZNF274,M3,C2H2 zinc finger,MA1592.2,1.0,30,THYROID
ENSG00000130684,ZNF337,M3,C2H2 zinc finger,,1.0,30,OVARY
ENSG00000075407,ZNF37A,M3,C2H2 zinc finger,,1.0,30,PITUITARY
ENSG00000176222,ZNF404,M3,C2H2 zinc finger,,0.967,29,PITUITARY
ENSG00000196724,ZNF418,M3,C2H2 zinc finger,MA1980.1,1.0,30,THYROID
ENSG00000105136,ZNF419,M3,C2H2 zinc finger,,1.0,30,PITUITARY
ENSG00000197647,ZNF433,M3,C2H2 zinc finger,,0.967,29,TESTIS
ENSG00000171291,ZNF439,M3,C2H2 zinc finger,,0.967,29,PITUITARY
ENSG00000083838,ZNF446,M3,C2H2 zinc finger,,1.0,30,TESTIS
ENSG00000196653,ZNF502,M3,C2H2 zinc finger,,0.967,29,TESTIS
ENSG00000081665,ZNF506,M3,C2H2 zinc finger,,1.0,30,THYROID
ENSG00000243943,ZNF512,M3,C2H2 zinc finger,,1.0,30,OVARY
ENSG00000163795,ZNF513,M3,C2H2 zinc finger,,1.0,30,TESTIS
ENSG00000144026,ZNF514,M3,C2H2 zinc finger,,1.0,30,OVARY
ENSG00000197363,ZNF517,M3,C2H2 zinc finger,,1.0,30,OVARY
ENSG00000177853,ZNF518A,M3,C2H2 zinc finger,,1.0,30,TESTIS
ENSG00000203326,ZNF525,M3,C2H2 zinc finger,,0.967,29,TESTIS
ENSG00000167555,ZNF528,M3,C2H2 zinc finger,MA1597.1,1.0,30,THYROID
ENSG00000186020,ZNF529,M3,C2H2 zinc finger,,1.0,30,FALLOPIAN_TUBE
ENSG00000121406,ZNF549,M3,C2H2 zinc finger,MA1728.2,1.0,30,PITUITARY
ENSG00000188321,ZNF559,M3,C2H2 zinc finger,,1.0,30,OVARY
ENSG00000188868,ZNF563,M3,C2H2 zinc finger,,0.933,28,TESTIS
ENSG00000180479,ZNF571,M3,C2H2 zinc finger,,0.967,29,TESTIS
ENSG00000161551,ZNF577,M3,C2H2 zinc finger,,1.0,30,TESTIS
ENSG00000172748,ZNF596,M3,C2H2 zinc finger,MA2496.1,0.967,29,TESTIS
ENSG00000153896,ZNF599,M3,C2H2 zinc finger,,0.967,29,TESTIS
ENSG00000198182,ZNF607,M3,C2H2 zinc finger,,1.0,30,TESTIS
ENSG00000221994,ZNF630,M3,C2H2 zinc finger,,0.967,29,OVARY
ENSG00000171163,ZNF692,M3,C2H2 zinc finger,MA1986.2,1.0,30,PROSTATE
ENSG00000196757,ZNF700,M3,C2H2 zinc finger,MA2595.1,1.0,30,SPLEEN
ENSG00000181135,ZNF707,M3,C2H2 zinc finger,MA1715.1,1.0,30,TESTIS
ENSG00000162086,ZNF75A,M3,C2H2 zinc finger,MA2097.1,1.0,30,THYROID
ENSG00000065029,ZNF76,M3,C2H2 zinc finger,MA1716.2,1.0,30,PITUITARY
ENSG00000204946,ZNF783,M3,C2H2 zinc finger,,1.0,30,NERVE
ENSG00000197162,ZNF785,M3,C2H2 zinc finger,,1.0,30,PROSTATE
ENSG00000198556,ZNF789,M3,C2H2 zinc finger,,1.0,30,PROSTATE
ENSG00000188227,ZNF793,M3,C2H2 zinc finger,,0.933,28,TESTIS
ENSG00000167766,ZNF83,M3,C2H2 zinc finger,,1.0,30,OVARY
ENSG00000152475,ZNF837,M3,C2H2 zinc finger,,0.9,27,THYROID
ENSG00000105750,ZNF85,M3,C2H2 zinc finger,MA1720.2,0.9,27,TESTIS
ENSG00000181666,ZNF875,M3,C2H2 zinc finger,,1.0,30,PROSTATE
ENSG00000214029,ZNF891,M3,C2H2 zinc finger,,1.0,30,PITUITARY
ENSG00000167232,ZNF91,M3,C2H2 zinc finger,,1.0,30,PROSTATE
ENSG00000197062,ZSCAN26,M3,C2H2 zinc finger,,1.0,30,OVARY
ENSG00000137185,ZSCAN9,M3,C2H2 zinc finger,,1.0,30,TESTIS
ENSG00000105672,ETV2,M4,ETS,MA0762.2,0.167,5,TESTIS
ENSG00000129654,FOXJ1,M4,Forkhead,,0.267,8,TESTIS
ENSG00000168152,THAP9,M4,Other/unclassified,,0.967,29,TESTIS
ENSG00000136367,ZFHX2,M4,Homeodomain,,0.933,28,TESTIS
ENSG00000220201,ZGLP1,M4,GATA-type ZF,MA2557.1,0.967,29,THYROID
ENSG00000157429,ZNF19,M4,C2H2 zinc finger,,0.933,28,TESTIS
ENSG00000196793,ZNF239,M4,C2H2 zinc finger,,0.967,29,TESTIS
ENSG00000186496,ZNF396,M4,C2H2 zinc finger,,0.933,28,TESTIS
ENSG00000187187,ZNF546,M4,C2H2 zinc finger,,1.0,30,TESTIS
ENSG00000167554,ZNF610,M4,C2H2 zinc finger,MA1713.2,0.867,26,TESTIS
ENSG00000242852,ZNF709,M4,C2H2 zinc finger,,0.9,27,TESTIS
ENSG00000147180,ZNF711,M4,C2H2 zinc finger,,0.9,27,TESTIS
ENSG00000102984,ZNF821,M4,C2H2 zinc finger,,1.0,30,TESTIS
ENSG00000152467,ZSCAN1,M4,C2H2 zinc finger,,0.2,6,PITUITARY
ENSG00000131848,ZSCAN5A,M4,C2H2 zinc finger,,1.0,30,TESTIS
ENSG00000175592,FOSL1,M5,bZIP,MA0477.3,0.867,26,SKIN
ENSG00000075426,FOSL2,M5,bZIP,MA0478.2,1.0,30,ADRENAL_GLAND
ENSG00000109787,KLF3,M5,C2H2 zinc finger,MA1516.2,1.0,30,OVARY
ENSG00000185022,MAFF,M5,bZIP,MA0495.4,1.0,30,ADIPOSE_TISSUE
ENSG00000136997,MYC,M5,bHLH,MA0059.2,1.0,30,SKIN
ENSG00000116044,NFE2L2,M5,bZIP,MA0150.1,1.0,30,BLADDER
ENSG00000118495,PLAGL1,M5,C2H2 zinc finger,,1.0,30,PITUITARY
ENSG00000084093,REST,M5,C2H2 zinc finger,MA0138.3,1.0,30,TESTIS
ENSG00000166949,SMAD3,M5,SMAD,MA0795.1,1.0,30,THYROID
ENSG00000090447,TFAP4,M5,bHLH,MA0691.1,1.0,30,CERVIX_UTERI
ENSG00000177426,TGIF1,M5,Homeodomain,MA0796.1,1.0,30,SKIN
ENSG00000141510,TP53,M5,Runt,MA0106.3,1.0,30,SKIN
ENSG00000178764,ZHX2,M5,Homeodomain,,1.0,30,OVARY
ENSG00000186918,ZNF395,M5,C2H2 zinc finger,MA2566.1,1.0,30,OVARY
ENSG00000225614,ZNF469,M5,C2H2 zinc finger,,0.967,29,OVARY
ENSG00000213793,ZNF888,M5,C2H2 zinc finger,,0.967,29,PROSTATE
ENSG00000213988,ZNF90,M5,C2H2 zinc finger,,1.0,30,OVARY
ENSG00000135373,EHF,M6,ETS,MA0598.4,0.6,18,SALIVARY_GLAND
ENSG00000163435,ELF3,M6,ETS,MA0640.3,0.833,25,SALIVARY_GLAND
ENSG00000175832,ETV4,M6,ETS,MA0764.4,0.8,24,PITUITARY
ENSG00000129514,FOXA1,M6,Forkhead,MA0148.5,0.433,13,PROSTATE
ENSG00000164379,FOXQ1,M6,Forkhead,,0.533,16,SALIVARY_GLAND
ENSG00000083307,GRHL2,M6,Other/unclassified,MA1105.3,0.567,17,PROSTATE
ENSG00000117595,IRF6,M6,SMAD,MA1509.1,0.933,28,SALIVARY_GLAND
ENSG00000102554,KLF5,M6,C2H2 zinc finger,MA0599.1,1.0,30,VAGINA
ENSG00000116990,MYCL,M6,bHLH,,0.733,22,PANCREAS
ENSG00000125850,OVOL2,M6,C2H2 zinc finger,MA1545.2,0.867,26,SALIVARY_GLAND
ENSG00000204531,POU5F1,M6,Homeodomain,MA1115.2,0.667,20,KIDNEY
ENSG00000143365,RORC,M6,Nuclear receptor,MA1151.2,0.867,26,MUSCLE
ENSG00000124664,SPDEF,M6,ETS,MA0686.2,0.367,11,PROSTATE
ENSG00000115112,TFCP2L1,M6,Other/unclassified,,0.833,25,SALIVARY_GLAND
ENSG00000179627,ZBTB42,M6,C2H2 zinc finger,,0.933,28,PROSTATE
ENSG00000101190,TCFL5,M7,bHLH,MA0632.3,1.0,30,TESTIS
ENSG00000114126,TFDP2,M7,Winged-helix (other),,1.0,30,TESTIS
ENSG00000155592,ZKSCAN2,M7,C2H2 zinc finger,,1.0,30,TESTIS
ENSG00000187626,ZKSCAN4,M7,C2H2 zinc finger,MA2544.1,1.0,30,TESTIS
ENSG00000178163,ZNF518B,M7,C2H2 zinc finger,MA2586.1,1.0,30,TESTIS
ENSG00000196437,ZNF569,M7,C2H2 zinc finger,,1.0,30,TESTIS
ENSG00000142556,ZNF614,M7,C2H2 zinc finger,,1.0,30,TESTIS
ENSG00000197566,ZNF624,M7,C2H2 zinc finger,,0.867,26,TESTIS
ENSG00000197483,ZNF628,M7,C2H2 zinc finger,,1.0,30,TESTIS
ENSG00000156853,ZNF689,M7,C2H2 zinc finger,MA2523.1,1.0,30,TESTIS
ENSG00000185869,ZNF829,M7,C2H2 zinc finger,,0.9,27,TESTIS
ENSG00000101412,E2F1,M8,Winged-helix (other),MA0024.3,0.967,29,TESTIS
ENSG00000007968,E2F2,M8,Winged-helix (other),MA0864.3,0.367,11,BLOOD
ENSG00000165891,E2F7,M8,Winged-helix (other),MA0758.1,0.267,8,TESTIS
ENSG00000129173,E2F8,M8,Winged-helix (other),MA0865.3,0.433,13,MUSCLE
ENSG00000111206,FOXM1,M8,Forkhead,MA2469.1,0.967,29,TESTIS
ENSG00000120149,MSX2,M8,Homeodomain,MA0708.3,0.367,11,BLADDER
ENSG00000118513,MYB,M8,Homeodomain,MA0100.4,0.5,15,SMALL_INTESTINE
ENSG00000185697,MYBL1,M8,Homeodomain,MA0776.1,0.967,29,TESTIS
ENSG00000101057,MYBL2,M8,Homeodomain,MA0777.1,0.4,12,TESTIS
ENSG00000126003,PLAGL2,M8,C2H2 zinc finger,MA1548.2,1.0,30,TESTIS
ENSG00000011590,ZBTB32,M8,C2H2 zinc finger,MA1580.1,0.167,5,TESTIS
ENSG00000181896,ZNF101,M8,C2H2 zinc finger,,1.0,30,SPLEEN
ENSG00000165244,ZNF367,M8,C2H2 zinc finger,MA2552.1,0.967,29,TESTIS
ENSG00000269343,ZNF587B,M8,C2H2 zinc finger,,1.0,30,TESTIS
ENSG00000142539,,M8,ETS,,0.967,29,SPLEEN
ENSG00000144485,HES6,M9,bHLH,MA1493.1,1.0,30,PITUITARY
ENSG00000196132,MYT1,M9,C2H2 zinc finger,MA2506.1,0.167,5,PITUITARY
ENSG00000007372,PAX6,M9,Homeodomain,MA0069.1,0.867,26,BRAIN
ENSG00000147488,ST18,M9,C2H2 zinc finger,,0.167,5,BRAIN
ENSG00000101544,ADNP2,grey,Homeodomain,,1.0,30,TESTIS
ENSG00000106546,AHR,grey,bHLH,,1.0,30,NERVE
ENSG00000169083,AR,grey,Nuclear receptor,MA0007.2,0.967,29,CERVIX_UTERI
ENSG00000172379,ARNT2,grey,bHLH,MA1464.2,0.933,28,BRAIN
ENSG00000004848,ARX,grey,Homeodomain,,0.133,4,OVARY
ENSG00000183734,ASCL2,grey,bHLH,,0.4,12,SMALL_INTESTINE
ENSG00000162772,ATF3,grey,bZIP,MA0605.3,1.0,30,FALLOPIAN_TUBE
ENSG00000170653,ATF7,grey,bZIP,MA0834.2,1.0,30,NERVE
ENSG00000267281,ATF7-NPFF,grey,bZIP,,1.0,30,NERVE
ENSG00000156273,BACH1,grey,bZIP,MA1633.2,1.0,30,SKIN
ENSG00000112182,BACH2,grey,bZIP,MA1101.3,0.967,29,NERVE
ENSG00000156127,BATF,grey,bZIP,MA1634.2,0.5,15,BLOOD
ENSG00000123685,BATF3,grey,bZIP,MA0835.3,0.9,27,SPLEEN
ENSG00000114439,BBX,grey,HMG box,,1.0,30,TESTIS
ENSG00000119866,BCL11A,grey,C2H2 zinc finger,MA2324.1,0.767,23,SPLEEN
ENSG00000127152,BCL11B,grey,C2H2 zinc finger,,0.7,21,SPLEEN
ENSG00000113916,BCL6,grey,C2H2 zinc finger,MA0463.3,1.0,30,MUSCLE
ENSG00000180828,BHLHE22,grey,bHLH,MA0818.2,0.533,16,BRAIN
ENSG00000134107,BHLHE40,grey,bHLH,MA0464.3,1.0,30,VAGINA
ENSG00000123095,BHLHE41,grey,bHLH,MA0636.1,0.967,29,THYROID
ENSG00000133794,BMAL1,grey,bHLH,,1.0,30,THYROID
ENSG00000029153,BMAL2,grey,bHLH,,0.933,28,VAGINA
ENSG00000130940,CASZ1,grey,C2H2 zinc finger,MA2508.1,1.0,30,PROSTATE
ENSG00000172216,CEBPB,grey,bZIP,MA0466.4,1.0,30,LUNG
ENSG00000221869,CEBPD,grey,bZIP,MA0836.3,1.0,30,OVARY
ENSG00000153879,CEBPG,grey,bZIP,MA0838.1,1.0,30,SKIN
ENSG00000079432,CIC,grey,HMG box,,1.0,30,TESTIS
ENSG00000157613,CREB3L1,grey,bZIP,MA0839.2,0.967,29,PROSTATE
ENSG00000143578,CREB3L4,grey,bZIP,MA1474.2,1.0,30,PROSTATE
ENSG00000146592,CREB5,grey,bZIP,,1.0,30,BLOOD
ENSG00000111269,CREBL2,grey,bZIP,,1.0,30,ADRENAL_GLAND
ENSG00000164463,CREBRF,grey,bZIP,,1.0,30,NERVE
ENSG00000095794,CREM,grey,bZIP,MA0609.3,1.0,30,TESTIS
ENSG00000144655,CSRNP1,grey,Other/unclassified,,1.0,30,LUNG
ENSG00000111249,CUX2,grey,Homeodomain,MA0755.2,0.3,9,LIVER
ENSG00000276644,DACH1,grey,Other/unclassified,,0.933,28,PROSTATE
ENSG00000105516,DBP,grey,bZIP,MA0639.2,1.0,30,BRAIN
ENSG00000175197,DDIT3,grey,bZIP,,1.0,30,PITUITARY
ENSG00000181418,DDN,grey,Other/unclassified,,0.167,5,MUSCLE
ENSG00000177030,DEAF1,grey,Zinc finger (other),,1.0,30,BRAIN
ENSG00000105880,DLX5,grey,Homeodomain,MA1476.1,0.4,12,SKIN
ENSG00000173253,DMRT2,grey,Other/unclassified,,0.267,8,KIDNEY
ENSG00000176399,DMRTA1,grey,Other/unclassified,MA1707.2,0.5,15,LIVER
ENSG00000112242,E2F3,grey,Winged-helix (other),MA0469.4,1.0,30,SPLEEN
ENSG00000088881,EBF4,grey,Other/unclassified,,1.0,30,PROSTATE
ENSG00000120738,EGR1,grey,C2H2 zinc finger,MA0162.5,1.0,30,FALLOPIAN_TUBE
ENSG00000122877,EGR2,grey,C2H2 zinc finger,MA0472.2,0.933,28,NERVE
ENSG00000179388,EGR3,grey,C2H2 zinc finger,MA0732.2,1.0,30,SKIN
ENSG00000135374,ELF5,grey,ETS,MA0136.2,0.267,8,SALIVARY_GLAND
ENSG00000126767,ELK1,grey,ETS,MA0028.3,1.0,30,OVARY
ENSG00000111145,ELK3,grey,ETS,MA0759.3,1.0,30,ADIPOSE_TISSUE
ENSG00000158711,ELK4,grey,ETS,MA0076.3,1.0,30,PROSTATE
ENSG00000170370,EMX2,grey,Homeodomain,MA0886.2,0.567,17,UTERUS
ENSG00000105722,ERF,grey,ETS,MA0760.2,1.0,30,FALLOPIAN_TUBE
ENSG00000091831,ESR1,grey,Nuclear receptor,MA0112.4,0.967,29,CERVIX_UTERI
ENSG00000140009,ESR2,grey,Nuclear receptor,MA0258.2,0.867,26,TESTIS
ENSG00000119715,ESRRB,grey,Nuclear receptor,MA0141.4,0.167,5,KIDNEY
ENSG00000196482,ESRRG,grey,Nuclear receptor,,0.667,20,KIDNEY
ENSG00000134954,ETS1,grey,ETS,MA0098.4,1.0,30,SPLEEN
ENSG00000157557,ETS2,grey,ETS,MA1484.2,1.0,30,SPLEEN
ENSG00000006468,ETV1,grey,ETS,MA0761.3,0.933,28,LUNG
ENSG00000117036,ETV3,grey,ETS,MA0763.2,1.0,30,SKIN
ENSG00000244405,ETV5,grey,ETS,MA0765.4,1.0,30,PITUITARY
ENSG00000010030,ETV7,grey,ETS,MA1708.2,0.8,24,SKIN
ENSG00000170345,FOS,grey,bZIP,MA0476.2,1.0,30,FALLOPIAN_TUBE
ENSG00000125740,FOSB,grey,bZIP,MA1127.1,1.0,30,FALLOPIAN_TUBE
ENSG00000054598,FOXC1,grey,Forkhead,MA0032.2,0.933,28,BLOOD_VESSEL
ENSG00000176692,FOXC2,grey,Forkhead,MA0846.2,0.7,21,BLOOD_VESSEL
ENSG00000251493,FOXD1,grey,Forkhead,MA0031.2,0.467,14,NERVE
ENSG00000186564,FOXD2,grey,Forkhead,MA0847.4,0.5,15,NERVE
ENSG00000187140,FOXD3,grey,Forkhead,MA0041.3,0.3,9,NERVE
ENSG00000103241,FOXF1,grey,Forkhead,,0.833,25,BLADDER
ENSG00000137273,FOXF2,grey,Forkhead,MA0030.2,0.6,18,ESOPHAGUS
ENSG00000160973,FOXH1,grey,Forkhead,MA0479.2,1.0,30,BRAIN
ENSG00000176678,FOXL1,grey,Forkhead,MA0033.2,0.733,22,BLOOD_VESSEL
ENSG00000183770,FOXL2,grey,Forkhead,,0.267,8,OVARY
ENSG00000170802,FOXN2,grey,Forkhead,,1.0,30,NERVE
ENSG00000053254,FOXN3,grey,Forkhead,MA1489.1,1.0,30,BLOOD_VESSEL
ENSG00000150907,FOXO1,grey,Forkhead,MA1936.2,1.0,30,OVARY
ENSG00000118689,FOXO3,grey,Forkhead,MA0157.2,1.0,30,NERVE
ENSG00000240445,FOXO3B,grey,Forkhead,,1.0,30,MUSCLE
ENSG00000184481,FOXO4,grey,Forkhead,MA0848.1,1.0,30,ADRENAL_GLAND
ENSG00000114861,FOXP1,grey,Forkhead,MA0481.4,1.0,30,BLOOD_VESSEL
ENSG00000128573,FOXP2,grey,Forkhead,MA0593.2,0.967,29,COLON
ENSG00000137166,FOXP4,grey,Forkhead,MA2117.1,1.0,30,PROSTATE
ENSG00000179772,FOXS1,grey,Forkhead,MA2118.1,0.667,20,BLOOD_VESSEL
ENSG00000107485,GATA3,grey,GATA-type ZF,MA0037.3,0.667,20,SKIN
ENSG00000136574,GATA4,grey,GATA-type ZF,MA0482.3,0.267,8,OVARY
ENSG00000130700,GATA5,grey,GATA-type ZF,MA0766.3,0.433,13,TESTIS
ENSG00000141448,GATA6,grey,GATA-type ZF,MA1104.3,0.9,27,OVARY
ENSG00000111087,GLI1,grey,C2H2 zinc finger,,0.9,27,NERVE
ENSG00000174332,GLIS1,grey,C2H2 zinc finger,MA0735.2,0.567,17,PROSTATE
ENSG00000107249,GLIS3,grey,C2H2 zinc finger,MA0737.1,0.967,29,THYROID
ENSG00000196275,GTF2IRD2,grey,Homeodomain,,1.0,30,OVARY
ENSG00000174428,GTF2IRD2B,grey,Homeodomain,,1.0,30,OVARY
ENSG00000114315,HES1,grey,bHLH,MA1099.3,1.0,30,VAGINA
ENSG00000188290,HES4,grey,bHLH,,1.0,30,BLOOD_VESSEL
ENSG00000164683,HEY1,grey,bHLH,MA0823.1,0.967,29,PITUITARY
ENSG00000135547,HEY2,grey,bHLH,MA0649.2,0.967,29,BLOOD_VESSEL
ENSG00000163909,HEYL,grey,bHLH,,0.967,29,BLOOD_VESSEL
ENSG00000152804,HHEX,grey,Homeodomain,,1.0,30,THYROID
ENSG00000177374,HIC1,grey,C2H2 zinc finger,,1.0,30,OVARY
ENSG00000100644,HIF1A,grey,bHLH,MA0259.2,1.0,30,ADRENAL_GLAND
ENSG00000124440,HIF3A,grey,bHLH,MA2674.1,0.967,29,BLADDER
ENSG00000095951,HIVEP1,grey,C2H2 zinc finger,,1.0,30,PITUITARY
ENSG00000127124,HIVEP3,grey,C2H2 zinc finger,,1.0,30,SKIN
ENSG00000102878,HSF4,grey,Winged-helix (other),MA0771.1,1.0,30,PITUITARY
ENSG00000268738,HSFX2,grey,Winged-helix (other),,0.8,24,TESTIS
ENSG00000030419,IKZF2,grey,C2H2 zinc finger,MA2326.1,1.0,30,VAGINA
ENSG00000185507,IRF7,grey,SMAD,MA0772.2,1.0,30,BLOOD
ENSG00000213928,IRF9,grey,SMAD,MA0653.1,1.0,30,SPLEEN
ENSG00000170549,IRX1,grey,Homeodomain,MA2678.1,0.267,8,SALIVARY_GLAND
ENSG00000170561,IRX2,grey,Homeodomain,MA2679.1,0.5,15,SALIVARY_GLAND
ENSG00000177508,IRX3,grey,Homeodomain,,0.8,24,SALIVARY_GLAND
ENSG00000176842,IRX5,grey,Homeodomain,MA2680.1,0.467,14,SKIN
ENSG00000016082,ISL1,grey,Homeodomain,,0.267,8,VAGINA
ENSG00000159556,ISL2,grey,Homeodomain,MA0914.2,0.333,10,PITUITARY
ENSG00000177606,JUN,grey,bZIP,MA0462.3,1.0,30,ADIPOSE_TISSUE
ENSG00000171223,JUNB,grey,bZIP,MA1134.2,1.0,30,BLOOD_VESSEL
ENSG00000130522,JUND,grey,bZIP,MA1141.2,1.0,30,OVARY
ENSG00000155090,KLF10,grey,C2H2 zinc finger,MA1511.2,1.0,30,MUSCLE
ENSG00000172059,KLF11,grey,C2H2 zinc finger,MA1512.2,1.0,30,TESTIS
ENSG00000118922,KLF12,grey,C2H2 zinc finger,MA0742.2,1.0,30,BLOOD_VESSEL
ENSG00000169926,KLF13,grey,C2H2 zinc finger,MA0657.2,1.0,30,THYROID
ENSG00000163884,KLF15,grey,C2H2 zinc finger,MA1513.2,0.967,29,NERVE
ENSG00000129911,KLF16,grey,C2H2 zinc finger,MA0741.1,1.0,30,PITUITARY
ENSG00000127528,KLF2,grey,C2H2 zinc finger,MA1515.2,1.0,30,NERVE
ENSG00000136826,KLF4,grey,C2H2 zinc finger,MA0039.5,1.0,30,SKIN
ENSG00000067082,KLF6,grey,C2H2 zinc finger,MA1517.2,1.0,30,ADIPOSE_TISSUE
ENSG00000118263,KLF7,grey,C2H2 zinc finger,MA1959.2,1.0,30,ADIPOSE_TISSUE
ENSG00000102349,KLF8,grey,C2H2 zinc finger,MA2681.1,1.0,30,VAGINA
ENSG00000119138,KLF9,grey,C2H2 zinc finger,MA1107.3,1.0,30,NERVE
ENSG00000121454,LHX4,grey,Homeodomain,,1.0,30,TESTIS
ENSG00000136944,LMX1B,grey,Homeodomain,MA0703.3,0.3,9,KIDNEY
ENSG00000124831,LRRFIP1,grey,Other/unclassified,,1.0,30,BLOOD_VESSEL
ENSG00000104903,LYL1,grey,bHLH,,1.0,30,BLOOD
ENSG00000178573,MAF,grey,bZIP,MA1520.2,1.0,30,OVARY
ENSG00000204103,MAFB,grey,bZIP,,1.0,30,SPLEEN
ENSG00000213999,MEF2B,grey,MADS box,MA0660.1,1.0,30,SPLEEN
ENSG00000105419,MEIS3,grey,Homeodomain,MA0775.2,0.967,29,UTERUS
ENSG00000166823,MESP1,grey,bHLH,,0.467,14,PROSTATE
ENSG00000150051,MKX,grey,Homeodomain,MA2592.1,0.633,19,PROSTATE
ENSG00000175727,MLXIP,grey,bHLH,,1.0,30,COLON
ENSG00000070444,MNT,grey,bHLH,MA0825.2,1.0,30,TESTIS
ENSG00000196588,MRTFA,grey,Other/unclassified,,1.0,30,TESTIS
ENSG00000178860,MSC,grey,bHLH,MA0665.1,1.0,30,BLOOD_VESSEL
ENSG00000163132,MSX1,grey,Homeodomain,MA0666.3,0.933,28,CERVIX_UTERI
ENSG00000059728,MXD1,grey,bHLH,,1.0,30,BLOOD
ENSG00000123933,MXD4,grey,bHLH,,1.0,30,PITUITARY
ENSG00000119950,MXI1,grey,bHLH,MA1108.3,1.0,30,BLOOD_VESSEL
ENSG00000134323,MYCN,grey,bHLH,MA0104.5,0.3,9,NERVE
ENSG00000124920,MYRF,grey,Other/unclassified,,0.967,29,STOMACH
ENSG00000131196,NFATC1,grey,Homeodomain,,1.0,30,NERVE
ENSG00000101096,NFATC2,grey,Homeodomain,MA0152.1,1.0,30,SPLEEN
ENSG00000050344,NFE2L3,grey,bZIP,,1.0,30,SPLEEN
ENSG00000165030,NFIL3,grey,bZIP,MA0025.3,1.0,30,ADIPOSE_TISSUE
ENSG00000077150,NFKB2,grey,Homeodomain,MA0778.2,1.0,30,SPLEEN
ENSG00000167034,NKX3-1,grey,Homeodomain,MA0124.1,0.9,27,PROSTATE
ENSG00000109705,NKX3-2,grey,Homeodomain,MA0122.2,0.3,9,COLON
ENSG00000130751,NPAS1,grey,bHLH,,0.233,7,SKIN
ENSG00000170485,NPAS2,grey,bHLH,,0.967,29,BLADDER
ENSG00000151322,NPAS3,grey,bHLH,MA2683.1,0.767,23,BRAIN
ENSG00000174576,NPAS4,grey,bHLH,,0.4,12,PITUITARY
ENSG00000025434,NR1H3,grey,Nuclear receptor,,1.0,30,SPLEEN
ENSG00000012504,NR1H4,grey,Nuclear receptor,MA1110.1,0.3,9,LIVER
ENSG00000175745,NR2F1,grey,Nuclear receptor,MA1538.1,0.933,28,FALLOPIAN_TUBE
ENSG00000160113,NR2F6,grey,Nuclear receptor,MA1539.1,1.0,30,LIVER
ENSG00000113580,NR3C1,grey,Nuclear receptor,MA0113.4,1.0,30,NERVE
ENSG00000151623,NR3C2,grey,Nuclear receptor,MA0727.2,0.967,29,THYROID
ENSG00000123358,NR4A1,grey,Nuclear receptor,MA1112.3,1.0,30,OVARY
ENSG00000153234,NR4A2,grey,Nuclear receptor,MA0160.3,1.0,30,OVARY
ENSG00000119508,NR4A3,grey,Nuclear receptor,,1.0,30,OVARY
ENSG00000148200,NR6A1,grey,Nuclear receptor,MA1541.2,0.967,29,TESTIS
ENSG00000065320,NTN1,grey,Other/unclassified,,0.933,28,ESOPHAGUS
ENSG00000164920,OSR2,grey,C2H2 zinc finger,MA1646.2,0.833,25,UTERUS
ENSG00000172818,OVOL1,grey,C2H2 zinc finger,MA1544.2,0.433,13,TESTIS
ENSG00000125618,PAX8,grey,Homeodomain,MA2094.1,0.967,29,THYROID
ENSG00000198807,PAX9,grey,Homeodomain,MA0781.2,0.433,13,SALIVARY_GLAND
ENSG00000204304,PBX2,grey,Homeodomain,MA1113.3,1.0,30,SPLEEN
ENSG00000167081,PBX3,grey,Homeodomain,MA1114.2,1.0,30,OVARY
ENSG00000105717,PBX4,grey,Homeodomain,,0.733,22,THYROID
ENSG00000198300,PEG3,grey,C2H2 zinc finger,,0.967,29,OVARY
ENSG00000082175,PGR,grey,Nuclear receptor,MA2327.1,0.933,28,CERVIX_UTERI
ENSG00000069011,PITX1,grey,Homeodomain,MA0682.3,0.567,17,PITUITARY
ENSG00000164093,PITX2,grey,Homeodomain,MA1547.2,0.3,9,BLADDER
ENSG00000160199,PKNOX1,grey,Homeodomain,MA0782.3,1.0,30,THYROID
ENSG00000165495,PKNOX2,grey,Homeodomain,MA0783.1,0.933,28,OVARY
ENSG00000181690,PLAG1,grey,C2H2 zinc finger,MA0163.1,0.933,28,NERVE
ENSG00000028277,POU2F2,grey,Homeodomain,MA0507.3,0.933,28,SPLEEN
ENSG00000137709,POU2F3,grey,Homeodomain,MA0627.3,0.367,11,SKIN
ENSG00000184271,POU6F1,grey,Homeodomain,MA0628.2,1.0,30,OVARY
ENSG00000186951,PPARA,grey,Nuclear receptor,MA1148.2,1.0,30,LIVER
ENSG00000112033,PPARD,grey,Nuclear receptor,MA1550.2,1.0,30,THYROID
ENSG00000019485,PRDM11,grey,Zinc finger (other),,1.0,30,UTERUS
ENSG00000142611,PRDM16,grey,C2H2 zinc finger,,0.933,28,BLOOD_VESSEL
ENSG00000138738,PRDM5,grey,C2H2 zinc finger,,0.967,29,OVARY
ENSG00000167157,PRRX2,grey,Homeodomain,MA0075.4,0.733,22,BLOOD_VESSEL
ENSG00000172733,PURG,grey,Other/unclassified,,0.267,8,BRAIN
ENSG00000131759,RARA,grey,Nuclear receptor,MA0729.1,1.0,30,BLOOD
ENSG00000172819,RARG,grey,Nuclear receptor,MA1553.2,1.0,30,SKIN
ENSG00000168214,RBPJ,grey,Other/unclassified,MA1116.2,1.0,30,UTERUS
ENSG00000162924,REL,grey,Homeodomain,MA0101.1,1.0,30,LUNG
ENSG00000104856,RELB,grey,Homeodomain,MA1117.2,1.0,30,SPLEEN
ENSG00000087903,RFX2,grey,Winged-helix (other),MA0600.3,1.0,30,TESTIS
ENSG00000080298,RFX3,grey,Winged-helix (other),MA0798.3,1.0,30,TESTIS
ENSG00000143390,RFX5,grey,Winged-helix (other),MA0510.3,1.0,30,SPLEEN
ENSG00000196460,RFX8,grey,Winged-helix (other),,0.267,8,TESTIS
ENSG00000117000,RLF,grey,C2H2 zinc finger,,1.0,30,TESTIS
ENSG00000069667,RORA,grey,Nuclear receptor,MA0071.1,1.0,30,ADRENAL_GLAND
ENSG00000198963,RORB,grey,Nuclear receptor,MA1150.2,0.633,19,PROSTATE
ENSG00000124782,RREB1,grey,C2H2 zinc finger,MA0073.2,1.0,30,THYROID
ENSG00000159216,RUNX1,grey,Rel/NF-kB,MA0002.1,1.0,30,SALIVARY_GLAND
ENSG00000124813,RUNX2,grey,Rel/NF-kB,MA0511.2,1.0,30,SALIVARY_GLAND
ENSG00000186350,RXRA,grey,Nuclear receptor,MA0115.1,1.0,30,LIVER
ENSG00000143171,RXRG,grey,Nuclear receptor,MA1149.2,0.733,22,PITUITARY
ENSG00000103449,SALL1,grey,C2H2 zinc finger,,0.6,18,THYROID
ENSG00000256463,SALL3,grey,C2H2 zinc finger,MA2537.1,0.233,7,VAGINA
ENSG00000101115,SALL4,grey,C2H2 zinc finger,,0.3,9,THYROID
ENSG00000182568,SATB1,grey,Homeodomain,MA1963.2,1.0,30,BLADDER
ENSG00000119042,SATB2,grey,Homeodomain,,0.967,29,ADRENAL_GLAND
ENSG00000260428,SCX,grey,bHLH,,0.867,26,THYROID
ENSG00000168779,SHOX2,grey,Homeodomain,,0.433,13,NERVE
ENSG00000159263,SIM2,grey,bHLH,,0.7,21,KIDNEY
ENSG00000126778,SIX1,grey,Homeodomain,MA1118.2,0.433,13,MUSCLE
ENSG00000170577,SIX2,grey,Homeodomain,MA1119.2,0.467,14,PITUITARY
ENSG00000100625,SIX4,grey,Homeodomain,,0.833,25,MUSCLE
ENSG00000180592,SKIDA1,grey,Other/unclassified,,0.7,21,TESTIS
ENSG00000136603,SKIL,grey,SMAD,,1.0,30,LUNG
ENSG00000125520,SLC2A4RG,grey,C2H2 zinc finger,MA2539.1,1.0,30,LIVER
ENSG00000170365,SMAD1,grey,SMAD,,1.0,30,UTERUS
ENSG00000100146,SOX10,grey,HMG box,MA0442.3,0.8,24,NERVE
ENSG00000129194,SOX15,grey,HMG box,MA1152.2,0.833,25,VAGINA
ENSG00000124766,SOX4,grey,HMG box,MA0867.3,1.0,30,OVARY
ENSG00000134532,SOX5,grey,HMG box,,0.867,26,TESTIS
ENSG00000110693,SOX6,grey,HMG box,,1.0,30,TESTIS
ENSG00000171056,SOX7,grey,HMG box,,0.967,29,VAGINA
ENSG00000125398,SOX9,grey,HMG box,MA0077.2,0.867,26,SALIVARY_GLAND
ENSG00000185404,SP140L,grey,Zinc finger (other),MA2540.1,1.0,30,SPLEEN
ENSG00000204335,SP5,grey,C2H2 zinc finger,MA1965.2,0.567,17,CERVIX_UTERI
ENSG00000189120,SP6,grey,C2H2 zinc finger,,0.6,18,SKIN
ENSG00000072310,SREBF1,grey,bHLH,MA0595.1,1.0,30,ADRENAL_GLAND
ENSG00000198911,SREBF2,grey,bHLH,MA1933.2,1.0,30,ADRENAL_GLAND
ENSG00000115415,STAT1,grey,Other/unclassified,MA0137.4,1.0,30,SPLEEN
ENSG00000170581,STAT2,grey,Other/unclassified,MA0517.2,1.0,30,PITUITARY
ENSG00000168610,STAT3,grey,Other/unclassified,MA0144.3,1.0,30,LUNG
ENSG00000126561,STAT5A,grey,Other/unclassified,,1.0,30,ADIPOSE_TISSUE
ENSG00000173757,STAT5B,grey,Other/unclassified,,1.0,30,UTERUS
ENSG00000165730,STOX1,grey,Winged-helix (other),,0.8,24,BRAIN
ENSG00000173320,STOX2,grey,Winged-helix (other),,0.967,29,PITUITARY
ENSG00000184058,TBX1,grey,T-box,MA0805.1,0.767,23,TESTIS
ENSG00000112837,TBX18,grey,T-box,MA1565.2,0.767,23,BLOOD_VESSEL
ENSG00000143178,TBX19,grey,T-box,MA0804.2,0.967,29,PITUITARY
ENSG00000135111,TBX3,grey,T-box,MA1566.3,0.967,29,ADRENAL_GLAND
ENSG00000089225,TBX5,grey,T-box,MA0807.1,0.3,9,HEART
ENSG00000149922,TBX6,grey,T-box,MA1567.1,0.9,27,VAGINA
ENSG00000118526,TCF21,grey,bHLH,MA1568.2,0.767,23,LUNG
ENSG00000163792,TCF23,grey,bHLH,,0.233,7,UTERUS
ENSG00000071564,TCF3,grey,bHLH,MA0091.2,1.0,30,TESTIS
ENSG00000081059,TCF7,grey,HMG box,MA0769.3,0.967,29,SPLEEN
ENSG00000148737,TCF7L2,grey,HMG box,MA0523.2,1.0,30,BREAST
ENSG00000197905,TEAD4,grey,Other/unclassified,MA0809.3,0.967,29,MUSCLE
ENSG00000167074,TEF,grey,bZIP,MA0843.2,1.0,30,BRAIN
ENSG00000008196,TFAP2B,grey,bHSH/AP2,MA0813.1,0.267,8,KIDNEY
ENSG00000116819,TFAP2E,grey,bHSH/AP2,MA1569.2,0.767,23,BRAIN
ENSG00000068323,TFE3,grey,bHLH,MA0831.3,1.0,30,FALLOPIAN_TUBE
ENSG00000112561,TFEB,grey,bHLH,MA0692.2,1.0,30,BLOOD
ENSG00000105967,TFEC,grey,bHLH,MA0871.3,0.933,28,LUNG
ENSG00000118707,TGIF2,grey,Homeodomain,MA0797.1,1.0,30,SPLEEN
ENSG00000151090,THRB,grey,Nuclear receptor,MA1574.2,0.967,29,BLOOD_VESSEL
ENSG00000078900,TP73,grey,Runt,MA0861.2,0.733,22,PROSTATE
ENSG00000104447,TRPS1,grey,GATA-type ZF,MA1970.2,1.0,30,VAGINA
ENSG00000182463,TSHZ2,grey,Homeodomain,,0.967,29,OVARY
ENSG00000122691,TWIST1,grey,bHLH,MA1123.3,0.7,21,BREAST
ENSG00000111424,VDR,grey,Nuclear receptor,MA0074.1,0.967,29,SKIN
ENSG00000151650,VENTX,grey,Homeodomain,MA0724.1,0.9,27,NERVE
ENSG00000184937,WT1,grey,C2H2 zinc finger,,0.333,10,UTERUS
ENSG00000132846,ZBED3,grey,C2H2 zinc finger,,1.0,30,THYROID
ENSG00000109906,ZBTB16,grey,C2H2 zinc finger,,1.0,30,BLOOD_VESSEL
ENSG00000179456,ZBTB18,grey,C2H2 zinc finger,MA0698.2,1.0,30,BRAIN
ENSG00000173276,ZBTB21,grey,C2H2 zinc finger,MA2487.1,1.0,30,TESTIS
ENSG00000185278,ZBTB37,grey,C2H2 zinc finger,,1.0,30,NERVE
ENSG00000184677,ZBTB40,grey,C2H2 zinc finger,MA2488.1,1.0,30,SPLEEN
ENSG00000169155,ZBTB43,grey,C2H2 zinc finger,,1.0,30,MUSCLE
ENSG00000130584,ZBTB46,grey,C2H2 zinc finger,,1.0,30,SPLEEN
ENSG00000168795,ZBTB5,grey,C2H2 zinc finger,MA2509.1,1.0,30,TESTIS
ENSG00000160685,ZBTB7B,grey,C2H2 zinc finger,MA0694.2,1.0,30,SMALL_INTESTINE
ENSG00000184828,ZBTB7C,grey,C2H2 zinc finger,MA0695.3,0.967,29,VAGINA
ENSG00000213588,ZBTB9,grey,C2H2 zinc finger,,1.0,30,PITUITARY
ENSG00000169554,ZEB2,grey,Homeodomain,MA2686.1,1.0,30,NERVE
ENSG00000066827,ZFAT,grey,C2H2 zinc finger,,1.0,30,TESTIS
ENSG00000091656,ZFHX4,grey,Homeodomain,,0.967,29,NERVE
ENSG00000180787,ZFP3,grey,C2H2 zinc finger,MA2490.1,1.0,30,SMALL_INTESTINE
ENSG00000181638,ZFP41,grey,C2H2 zinc finger,,1.0,30,TESTIS
ENSG00000204644,ZFP57,grey,C2H2 zinc finger,MA1583.2,0.1,3,BRAIN
ENSG00000189420,ZFP92,grey,C2H2 zinc finger,,0.967,29,OVARY
ENSG00000067646,ZFY,grey,C2H2 zinc finger,,0.833,25,TESTIS
ENSG00000152977,ZIC1,grey,C2H2 zinc finger,MA0696.1,0.233,7,BRAIN
ENSG00000171649,ZIK1,grey,C2H2 zinc finger,,0.967,29,TESTIS
ENSG00000269699,ZIM2,grey,C2H2 zinc finger,,0.333,10,OVARY
ENSG00000106261,ZKSCAN1,grey,C2H2 zinc finger,MA1585.2,1.0,30,PROSTATE
ENSG00000152926,ZNF117,grey,C2H2 zinc finger,,1.0,30,ADRENAL_GLAND
ENSG00000197961,ZNF121,grey,C2H2 zinc finger,MA2582.1,1.0,30,SPLEEN
ENSG00000105708,ZNF14,grey,C2H2 zinc finger,,0.967,29,OVARY
ENSG00000179909,ZNF154,grey,C2H2 zinc finger,,1.0,30,THYROID
ENSG00000170949,ZNF160,grey,C2H2 zinc finger,,1.0,30,SPLEEN
ENSG00000197279,ZNF165,grey,C2H2 zinc finger,,0.667,20,TESTIS
ENSG00000197841,ZNF181,grey,C2H2 zinc finger,,1.0,30,OVARY
ENSG00000136870,ZNF189,grey,C2H2 zinc finger,MA1725.2,1.0,30,PITUITARY
ENSG00000005801,ZNF195,grey,C2H2 zinc finger,,1.0,30,SPLEEN
ENSG00000122386,ZNF205,grey,C2H2 zinc finger,,1.0,30,PROSTATE
ENSG00000085644,ZNF213,grey,C2H2 zinc finger,MA2121.1,1.0,30,TESTIS
ENSG00000149054,ZNF215,grey,C2H2 zinc finger,MA2547.1,0.867,26,TESTIS
ENSG00000171940,ZNF217,grey,C2H2 zinc finger,,1.0,30,SPLEEN
ENSG00000165512,ZNF22,grey,C2H2 zinc finger,,1.0,30,BREAST
ENSG00000167840,ZNF232,grey,C2H2 zinc finger,,1.0,30,TESTIS
ENSG00000159915,ZNF233,grey,C2H2 zinc finger,,0.567,17,TESTIS
ENSG00000175395,ZNF25,grey,C2H2 zinc finger,,1.0,30,PITUITARY
ENSG00000174652,ZNF266,grey,C2H2 zinc finger,,1.0,30,SPLEEN
ENSG00000090612,ZNF268,grey,C2H2 zinc finger,,1.0,30,TESTIS
ENSG00000198039,ZNF273,grey,C2H2 zinc finger,,0.967,29,SKIN
ENSG00000063587,ZNF275,grey,C2H2 zinc finger,MA2550.1,1.0,30,ADRENAL_GLAND
ENSG00000198538,ZNF28,grey,C2H2 zinc finger,,1.0,30,TESTIS
ENSG00000275004,ZNF280B,grey,C2H2 zinc finger,,0.467,14,TESTIS
ENSG00000162702,ZNF281,grey,C2H2 zinc finger,MA1630.3,1.0,30,TESTIS
ENSG00000141040,ZNF287,grey,C2H2 zinc finger,,0.933,28,PITUITARY
ENSG00000170684,ZNF296,grey,C2H2 zinc finger,,0.733,22,SPLEEN
ENSG00000145908,ZNF300,grey,C2H2 zinc finger,,0.967,29,OVARY
ENSG00000089335,ZNF302,grey,C2H2 zinc finger,,1.0,30,OVARY
ENSG00000131845,ZNF304,grey,C2H2 zinc finger,,1.0,30,THYROID
ENSG00000197935,ZNF311,grey,C2H2 zinc finger,,0.867,26,TESTIS
ENSG00000130844,ZNF331,grey,C2H2 zinc finger,MA1726.2,1.0,30,OVARY
ENSG00000160961,ZNF333,grey,C2H2 zinc finger,,1.0,30,SPLEEN
ENSG00000198185,ZNF334,grey,C2H2 zinc finger,,0.933,28,PITUITARY
ENSG00000160094,ZNF362,grey,C2H2 zinc finger,MA2593.1,1.0,30,BLOOD_VESSEL
ENSG00000161298,ZNF382,grey,C2H2 zinc finger,MA1594.1,0.9,27,PITUITARY
ENSG00000130818,ZNF426,grey,C2H2 zinc finger,,1.0,30,OVARY
ENSG00000118620,ZNF430,grey,C2H2 zinc finger,,0.967,29,OVARY
ENSG00000196705,ZNF431,grey,C2H2 zinc finger,,1.0,30,OVARY
ENSG00000125945,ZNF436,grey,C2H2 zinc finger,MA2494.1,1.0,30,OVARY
ENSG00000183621,ZNF438,grey,C2H2 zinc finger,,1.0,30,TESTIS
ENSG00000171295,ZNF440,grey,C2H2 zinc finger,,1.0,30,TESTIS
ENSG00000167685,ZNF444,grey,C2H2 zinc finger,,1.0,30,PITUITARY
ENSG00000173275,ZNF449,grey,C2H2 zinc finger,MA1656.2,1.0,30,ADRENAL_GLAND
ENSG00000181444,ZNF467,grey,C2H2 zinc finger,,0.967,29,SPLEEN
ENSG00000204604,ZNF468,grey,C2H2 zinc finger,,1.0,30,PROSTATE
ENSG00000256229,ZNF486,grey,C2H2 zinc finger,,0.933,28,THYROID
ENSG00000243660,ZNF487,grey,C2H2 zinc finger,,0.967,29,TESTIS
ENSG00000174586,ZNF497,grey,C2H2 zinc finger,MA2567.1,0.967,29,PITUITARY
ENSG00000101493,ZNF516,grey,C2H2 zinc finger,,1.0,30,CERVIX_UTERI
ENSG00000175322,ZNF519,grey,C2H2 zinc finger,,1.0,30,UTERUS
ENSG00000204519,ZNF551,grey,C2H2 zinc finger,MA2518.1,1.0,30,THYROID
ENSG00000171970,ZNF57,grey,C2H2 zinc finger,MA2545.1,0.967,29,TESTIS
ENSG00000213015,ZNF580,grey,C2H2 zinc finger,,1.0,30,PITUITARY
ENSG00000198466,ZNF587,grey,C2H2 zinc finger,,1.0,30,PITUITARY
ENSG00000272602,ZNF595,grey,C2H2 zinc finger,,1.0,30,TESTIS
ENSG00000204611,ZNF616,grey,C2H2 zinc finger,,1.0,30,ADRENAL_GLAND
ENSG00000188171,ZNF626,grey,C2H2 zinc finger,,1.0,30,OVARY
ENSG00000167528,ZNF641,grey,C2H2 zinc finger,,1.0,30,ADRENAL_GLAND
ENSG00000167395,ZNF646,grey,C2H2 zinc finger,,1.0,30,TESTIS
ENSG00000198093,ZNF649,grey,C2H2 zinc finger,,1.0,30,TESTIS
ENSG00000182983,ZNF662,grey,C2H2 zinc finger,,0.967,29,OVARY
ENSG00000179195,ZNF664,grey,C2H2 zinc finger,,1.0,30,THYROID
ENSG00000083814,ZNF671,grey,C2H2 zinc finger,,1.0,30,SPLEEN
ENSG00000197372,ZNF675,grey,C2H2 zinc finger,MA1714.2,0.967,29,TESTIS
ENSG00000196109,ZNF676,grey,C2H2 zinc finger,MA2569.1,0.633,19,TESTIS
ENSG00000197928,ZNF677,grey,C2H2 zinc finger,MA2101.1,0.933,28,TESTIS
ENSG00000173041,ZNF680,grey,C2H2 zinc finger,MA1729.2,1.0,30,THYROID
ENSG00000196172,ZNF681,grey,C2H2 zinc finger,,0.867,26,TESTIS
ENSG00000197124,ZNF682,grey,C2H2 zinc finger,MA1599.2,0.933,28,THYROID
ENSG00000198429,ZNF69,grey,C2H2 zinc finger,,0.933,28,OVARY
ENSG00000143067,ZNF697,grey,C2H2 zinc finger,,1.0,30,LUNG
ENSG00000187792,ZNF70,grey,C2H2 zinc finger,MA2565.1,1.0,30,OVARY
ENSG00000140548,ZNF710,grey,C2H2 zinc finger,,1.0,30,PANCREAS
ENSG00000237440,ZNF737,grey,C2H2 zinc finger,,0.933,28,THYROID
ENSG00000172687,ZNF738,grey,C2H2 zinc finger,,0.933,28,OVARY
ENSG00000185252,ZNF74,grey,C2H2 zinc finger,,1.0,30,PITUITARY
ENSG00000139651,ZNF740,grey,C2H2 zinc finger,MA0753.3,1.0,30,SPLEEN
ENSG00000186376,ZNF75D,grey,C2H2 zinc finger,MA1601.2,1.0,30,SPLEEN
ENSG00000160336,ZNF761,grey,C2H2 zinc finger,,1.0,30,PROSTATE
ENSG00000197128,ZNF772,grey,C2H2 zinc finger,MA2529.1,1.0,30,PITUITARY
ENSG00000196391,ZNF774,grey,C2H2 zinc finger,,0.967,29,PITUITARY
ENSG00000180884,ZNF792,grey,C2H2 zinc finger,,1.0,30,LUNG
ENSG00000180257,ZNF816,grey,C2H2 zinc finger,MA1719.2,0.967,29,PROSTATE
ENSG00000151612,ZNF827,grey,C2H2 zinc finger,MA2572.1,1.0,30,PROSTATE
ENSG00000223547,ZNF844,grey,C2H2 zinc finger,,1.0,30,TESTIS
ENSG00000236609,ZNF853,grey,C2H2 zinc finger,MA2514.1,0.967,29,BRAIN
ENSG00000221923,ZNF880,grey,C2H2 zinc finger,,0.967,29,THYROID
ENSG00000228623,ZNF883,grey,C2H2 zinc finger,,0.667,20,BRAIN
ENSG00000146757,ZNF92,grey,C2H2 zinc finger,,1.0,30,SPLEEN
ENSG00000235109,ZSCAN31,grey,C2H2 zinc finger,MA1722.2,0.967,29,TESTIS
